First Name,Last Name,Gender,email ID
Fowler,Matschuk,Male,fmatschuk0@twitpic.com
Berget,Grigoriscu,Female,bgrigoriscu1@altervista.org
Thor,Goburn,Male,tgoburn2@microsoft.com
Sile,Barhams,Female,sbarhams3@accuweather.com
Valle,Houldey,Male,vhouldey4@npr.org
Miguel,Scotti,Male,mscotti5@comsenz.com
Bear,Darwen,Male,bdarwen6@ebay.com
Camila,Kelson,Female,ckelson7@ca.gov
Julian,McCarlich,Male,jmccarlich8@pinterest.com
Shae,Bonham,Female,sbonham9@networkadvertising.org
Antonie,De Normanville,Female,adenormanvillea@ihg.com
Asa,Duckerin,Male,aduckerinb@sohu.com
Tulley,Bassford,Male,tbassfordc@miitbeian.gov.cn
Twila,Gobel,Female,tgobeld@cbslocal.com
Linnell,Phillippo,Female,lphillippoe@gravatar.com
Nolana,Hateley,Female,nhateleyf@latimes.com
Peggy,Matyatin,Female,pmatyating@usgs.gov
Anna-diane,Garrad,Female,agarradh@yellowpages.com
Derrick,Herity,Male,dherityi@cafepress.com
Gerry,Thebeau,Female,gthebeauj@shop-pro.jp
Row,Penhaligon,Female,rpenhaligonk@bbc.co.uk
Juliet,Tall,Female,jtalll@bbb.org
Axe,Angear,Male,aangearm@cyberchimps.com
Josefina,Keeffe,Female,jkeeffen@flickr.com
Osbourne,Village,Male,ovillageo@istockphoto.com
Shay,Ert,Female,sertp@hud.gov
Regen,Stace,Male,rstaceq@businessinsider.com
Kennedy,Martine,Male,kmartiner@slate.com
Kyle,Backe,Male,kbackes@livejournal.com
Jeanette,Muzzillo,Female,jmuzzillot@desdev.cn
Job,Andrey,Male,jandreyu@ca.gov
Bernie,Brolechan,Male,bbrolechanv@icq.com
Gonzalo,Poynser,Male,gpoynserw@furl.net
Templeton,Bradane,Male,tbradanex@ft.com
Kippy,Gavini,Female,kgaviniy@toplist.cz
Simeon,Dearle,Male,sdearlez@dailymail.co.uk
Robb,Langfitt,Male,rlangfitt10@gmpg.org
Anette,Pitchford,Female,apitchford11@meetup.com
Maison,Crady,Male,mcrady12@npr.org
Abagail,Kentwell,Female,akentwell13@nba.com
Renado,Airds,Male,rairds14@nhs.uk
Hubey,Tilne,Male,htilne15@quantcast.com
Tudor,Arnley,Male,tarnley16@xing.com
Vincenz,Cavee,Male,vcavee17@addtoany.com
Jim,Scarsbrook,Male,jscarsbrook18@sfgate.com
Germaine,Kubiak,Male,gkubiak19@odnoklassniki.ru
Jeri,McKoy,Female,jmckoy1a@telegraph.co.uk
Mitchell,Stronough,Male,mstronough1b@intel.com
Den,Berndt,Male,dberndt1c@ning.com
Chrisy,Dimsdale,Male,cdimsdale1d@diigo.com
